Período,Año Académico,Cédula,Día Nacimiento,Mes Nacimiento,Año Nacimiento,Edad,Estado Civil,Sexo,Escuela,Año de Ingreso,Modalidad de Ingreso,Semestre Cursado ,Inscritas Anterior,Aprobadas Anterior,Retiradas Anterior,Reprobadas Anterior,Promedio Ponderado,Eficiencia,Inscritas en Curso,Realizando (Tesis/Pasantias),Dirección,Personas con quien Vive,Tipo de Vivienda,Ingreso Total,Total Egresos,Responsable Económico,Total Ingresos Responsable,Total Egresos Responsable,Opinion de losUsuarios
NaN,2015,1,18,06,1951,63,Viudo (a),1,Enfermería,2007,Convenios Interinstitucionales (nacionales e internacionales),5to sem.,2,2,0,0,10.9273,0.49110,1,No,Municipio Sucre,residencia estudiantil,Quinta o casa quinta,1500,6200,Usted mismo,0,0.0,5
NaN,NaN,2,03,01,1977,37,Casado (a),1,Enfermería,2006,Prueba Interna y/o propedéutico,6to sem.,2,más de 10,1,1,11.3140,0.66880,2,No,Guarenas - Guatire,Esposo (a) Hijos (as) ,Apartamento en edifico,2000,10720,esposo,7000,23050.0,5
NaN,2014,3,14,03,1979,35,Soltero (a),1,Enfermería,2006,Prueba Interna y/o propedéutico,5to sem.,1,1,1,1,11.4040,0.65120,2,No,Guarenas - Guatire,Familiares paternos,Casa en barrio urbano,5200,6700,ninguno,0,7300.0,4
NaN,2015,4,04,08,1982,32,Soltero (a),1,Enfermería,2010,"Convenios Internos (Deportistas, artistas, hijos empleados docente y obreros, Samuel Robinson)",3er sem.,2,2,2,2,69.787,0.46810,3,No,Municipio Libertador Caracas,Madre,Casa en barrio urbano,2000,2000,Madre,7500,9000.0,1
NaN,2015,5,25,11,1982,32,Soltero (a),1,Enfermería,2011,Prueba Interna y/o propedéutico,6to sem.,3,3,0,0,12.5230,0.83330,2,No,Municipio Sucre,Familiares maternos,Casa en barrio urbano,3700,3200,Familiares,1344482,1344482.0,4
1,2015,6,20,07,1986,28,Soltero (a),1,Bioanálisis,2008,Prueba Interna y/o propedéutico,9no sem.,2,2,0,0,14.4920,1.0,2,Si,Municipio Libertador Caracas,Ambos padres,Apartamento en edifico,2500,4000,Padre,14551,24000.0,5
NaN,2015,7,27,09,1986,28,Soltero (a),1,Enfermería,2007,Prueba Interna y/o propedéutico,4to sem.,2,1,0,0,06.,0.6,2,No,Municipio Libertador Caracas,Familiares maternos,Apartamento en edifico,2500,4500,Madre,2500,25300.0,5
2,2014,8,27,02,1989,26,Soltero (a),1,Bioanálisis,2008,Prueba Interna y/o propedéutico,8vo sem.,4,1,3,3,12.7390,0.89720,3,No,Municipio Sucre,Mi Mamá y mi hijo ,Casa en barrio urbano,4500,4500,Madre,10000,10000.0,5
1,2015,9,07,07,1989,25,Soltero (a),1,Bioanálisis,2008,Asignado OPSU,9no sem.,2,2,0,0,12.7260,0.91450,2,Si,Municipio Libertador Caracas,Ambos padres,Casa en barrio urbano,1900,2000,Madre,4500,4550.0,5
1,2015,10,10,12,1987,27,Soltero (a),0,Bioanálisis,2005,Prueba Interna y/o propedéutico,9no sem.,5,5,0,0,11.957,0.638,2,Si,Municipio Sucre,Padre,Apartamento en edifico,2500,6500,Padre,19152,28500.0,4
1,2015,11,19,11,1988,26,Soltero (a),1,Enfermería,2012,Prueba Interna y/o propedéutico,5to sem.,4,4,0,0,13.6220,1.0,3,No,Municipio Libertador Caracas,Ambos padres,Apartamento en edifico,2500,2500,Padre,12650,12600.0,5
NaN,2015,12,04,07,1988,26,Soltero (a),1,Bioanálisis,2007,Prueba Interna y/o propedéutico,7mo sem.,4,2,0,0,12.1350,0.56910,4,No,,Ambos padres,Casa en barrio urbano,2600,14740,Madre,15186,39960.0,5
1,2015,13,10,51,98,26,Soltero (a),1,Bioanálisis,2007,Prueba Interna y/o propedéutico,8vo sem.,2,0,0,0,12.4880,0.64500,2,No,Municipio Baruta,Ambos padres,Apartamento en edifico,6500,6500,Madre,12000,12000.0,5
1,2015,14,14,08,1988,26,Soltero (a),1,Bioanálisis,2007,Asignado OPSU,10mo sem.,2,2,0,0,13.921,0.9272,2,Si,Municipio Sucre,Amigos,Habitación alquilada,6300,6300,Madre,19757,19700.0,5
1,2015,15,25,01,1990,25,Soltero (a),1,Bioanálisis,2008,Asignado OPSU,10mo sem.,0,0,0,0,13.0970,0.82350,1,Si,Altos Mirandinos,Ambos padres,Casa de vecindad,2000,2000,Padre,5622,5622.0,5
2,2014,16,26,12,1989,25,Soltero (a),0,Bioanálisis,2007,Prueba Interna y/o propedéutico,9no sem.,3,3,0,0,12.5320,0.88570,1,Si,Municipio Libertador Caracas,Familiares maternos,Apartamento en edifico,1500,1500,Madre,3800,4300.0,3
1,2015,17,28,03,1990,25,Soltero (a),0,Bioanálisis,2007,Prueba Interna y/o propedéutico,10mo sem.,1,1,0,0,13.2780,0.95890,1,Si,Municipio Libertador Caracas,Ambos padres,Casa en barrio urbano,2500,7500,Padre,10500,16800.0,5
2,2014,18,05,02,1988,27,Soltero (a),0,Bioanálisis,2006,Prueba Interna y/o propedéutico,8vo sem.,3,2,0,0,11.9840,0.62140,3,No,,Padre,Residencia estudiantil,8500,8500,Padre,15000,15000.0,5
1,2015,19,27,04,1990,25,Soltero (a),0,Bioanálisis,2008,Prueba Interna y/o propedéutico,10mo sem.,2,2,0,0,13.1790,0.90260,2,Si,,Ambos padres,Quinta o casa quinta,2400,3400,Ambos padres,9600,10000.0,5
1,2015,20,19,22,04,25,Soltero (a),1,Bioanálisis,2007,Prueba Interna y/o propedéutico,9no sem.,1,1,0,0,13.6690,0.88540,2,Si,Municipio Libertador Caracas,Padre,Apartamento en edifico,8500,7400,Padre,21000,22500.0,5
2,2014,21,26,12,1990,24,Soltero (a),1,Bioanálisis,2008,Asignado OPSU,9no sem.,3,3,0,0,13.021,0.8304,2,Si,Municipio Libertador Caracas,Ambos padres,Casa en barrio urbano,2500,5700,Madre,18682,16700.0,5
1,2015,22,12,09,1989,24,Casado (a),1,Bioanálisis,2006,Prueba Interna y/o propedéutico,9no sem.,1,1,0,0,12.1650,0.78090,1,Si,Municipio Libertador Caracas,"madre y su esposo,abuela,y mi esposo",Casa en barrio urbano,2000,3600,Cónyugue,6000,11200.0,5
2,2014,23,15,09,1990,24,Soltero (a),1,Bioanálisis,2008,Asignado OPSU,10mo sem.,1,1,0,0,15.2800,1.0,1,Si,Altos Mirandinos,Ambos padres,Casa en barrio urbano,5000,5050,Ambos padres,19996,17000.0,5
1,2015,24,10,09,1991,23,Soltero (a),1,Bioanálisis,2010,Asignado OPSU,8vo sem.,5,5,0,0,14.8450,1.0,4,No,Municipio Libertador Caracas,Madre,Apartamento en edifico,2300,21800,Ambos padres,15445,15100.0,5
1,2015,25,17,12,1990,24,Soltero (a),1,Bioanálisis,2009,Prueba Interna y/o propedéutico,10mo sem.,2,2,0,0,15.8990,1.0,2,Si,Guarenas - Guatire,Madre,Apartamento en edifico,3000,4250,Madre,10000,11500.0,4
2,2014,26,18,03,1989,26,Unido (a),1,Bioanálisis,2006,Asignado OPSU,5to sem.,2,0,2,2,12.9470,0.63580,1,No,Valles del Tuy,Esposo (a) Hijos (as) ,Apartamento en quinta - casa quinta o casa,3500,2700,Cónyugue,8000,9400.0,5
2,2014,27,03,10,1990,24,Soltero (a),0,Bioanálisis,2008,Prueba Interna y/o propedéutico,8vo sem.,4,3,0,0,13.2050,0.76970,4,No,Valles del Tuy,Familiares maternos,Casa en barrio urbano,2700,2700,tia,7500,7500.0,5
2,2014,28,16,05,1991,24,Soltero (a),0,Bioanálisis,2010,Prueba Interna y/o propedéutico,8vo sem.,4,4,0,0,11.55,0.89520,4,No,Valles del Tuy,Familiares maternos,Casa en barrio urbano,2700,2650,Familiares,5622,5600.0,5
1,2015,29,26,06,1991,23,Soltero (a),1,Bioanálisis,2009,Asignado OPSU,6to sem.,5,4,0,0,12.9020,0.80140,4,No,Municipio Libertador Caracas,Ambos padres,Casa en barrio urbano,3000,5000,Madre,7000,7000.0,5
1,2015,30,29,01,1990,25,Soltero (a),0,Bioanálisis,2010,Prueba Interna y/o propedéutico,6to sem.,3,3,0,0,12.5370,0.83040,4,No,Municipio Libertador Caracas,Madre,Apartamento en edifico,3000,3900,Madre,6700,12000.0,5
1,2015,31,18,09,1990,24,Soltero (a),1,Bioanálisis,2009,Asignado OPSU,9no sem.,4,4,0,0,14.18,0.10000,2,Si,Valles del Tuy,Ambos padres,Casa en barrio urbano,7000,6800,Padre,16788,15200.0,5
1,2015,32,05,11,1989,25,Soltero (a),1,Bioanálisis,2008,Prueba Interna y/o propedéutico,7mo sem.,4,3,0,0,13.2250,0.79290,4,No,Municipio El Hatillo,Ambos padres,conserjería ,2500,3000,Padre,11529,14200.0,4
NaN,2015,33,18,02,1991,24,Soltero (a),1,Enfermería,2010,Prueba Interna y/o propedéutico,4to sem.,3,4,0,0,11.9160,0.59410,3,Si,Municipio Sucre,Madre,Apartamento en edifico,3000,7300,Madre,24905,25400.0,5
2,2014,34,24,11,1989,25,Soltero (a),1,Enfermería,2011,Prueba Interna y/o propedéutico,7mo sem.,2,2,0,0,14.08700,0.98290,2,No,Municipio Chacao,Familiares maternos,Apartamento en edifico,2000,2300,Familiares,8096,7400.0,5
1,2015,35,22,06,1990,24,Soltero (a),1,Bioanálisis,2010,Prueba Interna y/o propedéutico,7mo sem.,6,5,1,1,11.9360,0.79830,6,No,Valles del Tuy,Madre,Casa en barrio rural,4500,5100,Madre,14000,12800.0,3
1,2015,36,09,04,1990,25,Soltero (a),1,Bioanálisis,2008,Asignado OPSU,10mo sem.,2,2,0,0,14.873,0.966,2,Si,Municipio Libertador Caracas,Madre,Casa de vecindad,3100,3070,Madre,10000,9930.0,4
2,2014,37,06,09,1989,25,Soltero (a),0,Bioanálisis,2008,Prueba Interna y/o propedéutico,10mo sem.,2,2,0,0,14.4380,1.0,2,Si,Altos Mirandinos,Madre,Apartamento en edifico,5500,11840,Madre,23152,26440.0,4
2,2014,38,28,06,1991,23,Soltero (a),1,Bioanálisis,2008,Asignado OPSU,10mo sem.,2,2,0,0,14.1940,1.0,2,Si,Municipio Libertador Caracas,Madre,Apartamento en edifico,4735,16700,Madre,9066,17500.0,4
NaN,2014,39,22,03,1991,24,Soltero (a),1,Enfermería,2010,Prueba Interna y/o propedéutico,6to sem.,2,2,0,0,13.2660,0.95450,2,No,Municipio Libertador Caracas,hermana,Casa en barrio urbano,5500,4800,Padre,15000,7000.0,5
1,2015,40,21,09,1990,24,Soltero (a),1,Bioanálisis,2008,Prueba Interna y/o propedéutico,10mo sem.,2,2,0,0,14.5570,1.0,2,Si,Guarenas - Guatire,Madre,Apartamento en edifico,3000,2000,Madre,11244,8500.0,5
2,2014,41,19,10,1991,23,Soltero (a),1,Bioanálisis,2010,Prueba Interna y/o propedéutico,8vo sem.,5,5,0,0,14.3380,0.10000,4,No,Municipio Libertador Caracas,Madre,Apartamento en edifico,2500,2500,Madre,9000,9000.0,5
2,2014,42,23,11,1990,24,Soltero (a),1,Bioanálisis,2008,Prueba Interna y/o propedéutico,8vo sem.,5,5,0,0,13.652,0.968,5,No,Municipio Sucre,Ambos padres,Apartamento en edifico,2700,2700,Padre,7500,7600.0,4
2,2014,43,18,05,1992 ,22,Soltero (a),1,Bioanálisis,2011,Prueba Interna y/o propedéutico,7mo sem.,4,4,0,0,13.6,1.0,4,No,Municipio Libertador Caracas,dos hermanos,Quinta o casa quinta,2000,2000,Padre,15000,12000.0,5
2,2014,44,18,05,1992,22,Soltero (a),1,Bioanálisis,2011,Prueba Interna y/o propedéutico,7mo sem.,4,4,0,0,13.6,1.0,4,No,Municipio Libertador Caracas,Ambos padres,Quinta o casa quinta,2000,2000,Padre,15000,12000.0,5
1,2014,45,18,05,1992,23,Soltero (a),1,Bioanálisis,2010,Prueba Interna y/o propedéutico,7mo sem.,4,4,0,0,13.6660,1.0,4,No,Municipio Libertador Caracas,dos hermanos,Quinta o casa quinta,2000,2000,Padre,15000,12000.0,5
2,2014,46,21,04,1990,25,Soltero (a),0,Bioanálisis,2011,Asignado OPSU,7mo sem.,4,2,0,0,14.2,0.91510,5,No,Municipio Sucre,Madre,Apartamento en edifico,2550,7300,Madre,7000,10500.0,5
2,2014,47,24,01,1991,24,Soltero (a),0,Bioanálisis,2008,Asignado OPSU,10mo sem.,1,1,0,0,16.7120,1.0,1,Si,Altos Mirandinos,Ambos padres,Apartamento en quinta - casa quinta o casa,3500,3500,Padre,16000,16000.0,5
1,2015,48,08,09,1990,24,Soltero (a),1,Bioanálisis,2008,Prueba Interna y/o propedéutico,2do sem.,3,3,0,0,14.0000,0.38640,4,No,Valles del Tuy,Ambos padres,Apartamento en quinta - casa quinta o casa,3000,6100,Padre,1705645,12780.0,4
NaN,2015,49,27,05,1988,26,Soltero (a),0,Enfermería,2009,Prueba Interna y/o propedéutico,5to sem.,2,2,0,0,11.174,0.61170,3,Si,Valles del Tuy,Madre,Casa en barrio urbano,4300,1800,Madre,7000,6600.0,4
2,2014,50,24,08,1992,22,Soltero (a),1,Bioanálisis,2010,Prueba Interna y/o propedéutico,8vo sem.,4,3,1,1,13.5,0.95,4,No,Guarenas - Guatire,Ambos padres,Apartamento en quinta - casa quinta o casa,3500,9600,Madre,17200,19500.0,5
NaN,2014,51,11,01,2015,24,Soltero (a),1,Enfermería,2010,Prueba Interna y/o propedéutico,7mo sem.,2,2,0,0,12.5650,0.98290,2,Si,Municipio Libertador Caracas,Ambos padres,Casa en barrio urbano,2600,2560,Padre,40000,37480.0,5
2,2014,52,26,07,1991,23,Soltero (a),1,Bioanálisis,2009,Prueba Interna y/o propedéutico,7mo sem.,5,4,0,0,12.6090,0.75860,4,No,Municipio Libertador Caracas,Madre,Casa en barrio urbano,3600,3950,Madre,12500,12200.0,5
1,2015,53,22,02,1991,24,Soltero (a),1,Bioanálisis,2008,Prueba Interna y/o propedéutico,10mo sem.,2,2,0,0,13.6750,0.97200,2,Si,Municipio Libertador Caracas,Ambos padres,Apartamento en edifico,5200,47500,Hermano,27000,39350.0,5
1,2015,54,11,07,1992,22,Soltero (a),0,Bioanálisis,2008,Asignado OPSU,10mo sem.,1,1,0,0,14.9060,1.0,1,Si,Municipio Libertador Caracas,OTROS INQUILINOS,Casa en barrio urbano,5000,5000,Madre,22977,15000.0,5
1,2015,55,18,04,1991,24,Soltero (a),1,Bioanálisis,2008,Asignado OPSU,9no sem.,4,4,0,0,13.654,1.0,2,Si,Guarenas - Guatire,hermanas,Apartamento en edifico,3000,3000,Padre,5622,4060.0,5
NaN,2015,56,07,04,1990,25,Soltero (a),1,Enfermería,2008,Prueba Interna y/o propedéutico,7mo sem.,2,2,0,0,12.0830,0.78770,2,No,Valles del Tuy,Familiares maternos,Apartamento en edifico,2200,1850,Madre,5600,4600.0,5
2,2014,57,12,12,1990,24,Soltero (a),1,Enfermería,2011,Prueba Interna y/o propedéutico,6to sem.,3,3,0,0,12.0660,0.92110,2,Si,Municipio Libertador Caracas,Ambos padres,Apartamento en edifico,2300,3020,Madre,5622,9120.0,5
1,2015,58,11,10,1990,24,Soltero (a),1,Bioanálisis,2010,Prueba Interna y/o propedéutico,7mo sem.,4,2,0,0,12.6590,0.81980,4,No,Municipio Libertador Caracas,Ambos padres,Apartamento en edifico,3500,9400,Madre,30000,23600.0,4
2,2014,59,25,07,1990,24,Soltero (a),1,Bioanálisis,2008,"Convenios Internos (Deportistas, artistas, hijos empleados docente y obreros, Samuel Robinson)",9no sem.,1,1,0,0,13.1720,0.90260,2,Si,,Ambos padres,Apartamento en edifico,2100,2200,Ambos padres,15000,26000.0,4
1,2015,60,08,09,1992,22,Soltero (a),1,Bioanálisis,2009,Asignado OPSU,9no sem.,4,4,0,0,16.3000,1.0,2,Si,Guarenas - Guatire,Madre,Quinta o casa quinta,4500,4500,Madre,10000,7500.0,5
1,2015,61,21,03,1991,24,Soltero (a),1,Bioanálisis,2008,Prueba Interna y/o propedéutico,10mo sem.,1,1,0,0,14.8710,1.0,1,Si,Municipio Libertador Caracas,madre y hermana,Apartamento en edifico,2500,2660,Madre,20827,25940.0,4
1,2014,62,20,09,1991,23,Soltero (a),1,Bioanálisis,2010,Prueba Interna y/o propedéutico,6to sem.,3,2,0,0,12.4870,0.76920,5,No,Municipio Sucre,Madre,Apartamento en edifico,2700,10300,Madre,12500,10000.0,5
NaN,2014,63,20,07,1992,22,Soltero (a),1,Enfermería,2010,Prueba Interna y/o propedéutico,7mo sem.,2,2,0,0,12.7040,0.92740,2,No,Municipio Baruta,Madre,Apartamento en quinta - casa quinta o casa,2500,2500,Madre,6850,6850.0,5
1,NaN,64,23,08,1989,25,Soltero (a),1,Bioanálisis,2008,Prueba Interna y/o propedéutico,7mo sem.,5,2,0,0,11.453,0.61780,5,No,,Ambos padres,Apartamento en edifico,2000,2000,Ambos padres,16000,16000.0,5
1,2015,65,04,05,1992,23,Soltero (a),1,Bioanálisis,2008,Asignado OPSU,10mo sem.,1,1,0,0,14.4600,0.97200,1,Si,Municipio Libertador Caracas,hermana,Habitación alquilada,6500,7700,Familiares,11000,16800.0,3
1,2015,66,18,12,1990,24,Soltero (a),1,Bioanálisis,2010,Prueba Interna y/o propedéutico,5to sem.,5,3,1,1,12.9860,0.75260,4,No,Municipio Libertador Caracas,Ambos padres,Apartamento en edifico,2100,2050,Padre,22000,19900.0,4
1,2015,67,21,09,1991,23,Soltero (a),1,Bioanálisis,2008,Asignado OPSU,8vo sem.,3,3,0,0,12.75,0.85,2,No,Municipio Libertador Caracas,Hermana,Quinta o casa quinta,4500,4500,Madre,9000,9000.0,5
2,2014,68,26,10,1991,23,Soltero (a),0,Bioanálisis,2009,Asignado OPSU,8vo sem.,5,5,0,0,12.9750,0.89630,4,No,Municipio Libertador Caracas,Familiares paternos,Apartamento en edifico,6000,6000,Madre,15800,15800.0,5
2,2014,69,23,08,1991,23,Soltero (a),1,Bioanálisis,2008,Asignado OPSU,9no sem.,4,4,0,0,13.4890,0.94560,2,Si,Municipio Libertador Caracas,Madre,Apartamento en edifico,4500,4500,Madre,9622,7700.0,4
NaN,2015,70,30,05,1993,21,Soltero (a),1,Enfermería,2011,Prueba Interna y/o propedéutico,5to sem.,3,2,0,0,12.2180,0.91430,2,No,Altos Mirandinos,madre y hermanos,Apartamento en quinta - casa quinta o casa,4900,11420,Madre,14900,28394.0,4
1,2015,71,01,11,1991,23,Soltero (a),1,Bioanálisis,2009,Prueba Interna y/o propedéutico,10mo sem.,1,1,0,0,14.8140,1.0,1,Si,Municipio Sucre,Ambos padres,Apartamento en edifico,4000,4000,Padre,6761,3900.0,5
1,2015,72,28,06,1993,21,Soltero (a),1,Bioanálisis,2009,Asignado OPSU,9no sem.,4,4,0,0,14.314,0.9722,2,Si,Municipio Libertador Caracas,Familiares paternos,Apartamento en edifico,4500,4500,Padre,10323,10323.0,5
1,2015,73,19,10,1991,23,Soltero (a),0,Bioanálisis,2011,Prueba Interna y/o propedéutico,8vo sem.,4,4,0,0,13.0,1.0,4,No,Guarenas - Guatire,Madre,Apartamento en edifico,3000,6000,Madre,30000,29500.0,5
NaN,2015,74,12,07,1993,21,Soltero (a),1,Enfermería,2011,Prueba Interna y/o propedéutico,8vo sem.,2,2,10,10,14.13,1.0,3,No,Municipio Sucre,prima,Habitación alquilada,6500,6500,Padre,9000,7300.0,4
2,2015,75,13,04,1993,22,Soltero (a),1,Bioanálisis,2011,Asignado OPSU,7mo sem.,5,5,0,0,15.557,1.0,5,No,Municipio Baruta,Familiares paternos,Habitación alquilada,7500,6700,Padre,15000,12600.0,5
2,2014,76,20,07,1991,23,Soltero (a),1,Bioanálisis,2013,Prueba Interna y/o propedéutico,3er sem.,5,5,0,0,15.3880,1.0,6,No,,Ambos padres,Apartamento en edifico,4000,7860,Padre,37318,42900.0,5
1,2015,77,08,07,1994,20,Soltero (a),1,Bioanálisis,2012,Prueba Interna y/o propedéutico,4to sem.,6,5,1,1,14.9610,1.0,5,No,Municipio Libertador Caracas,Ambos padres,Apartamento en edifico,3000,3700,Madre,14777,15000.0,4
2,2014,78,03,04,1993,22,Soltero (a),1,Enfermería,2014,"Convenios Internos (Deportistas, artistas, hijos empleados docente y obreros, Samuel Robinson)",3er sem.,5,5,0,0,16.8330,1.0,5,No,Municipio Chacao,Madre,Habitación alquilada,3000,7120,Madre,7500,6820.0,4
1,2015,79,10,01,1992,23,Soltero (a),1,Bioanálisis,2010,Prueba Interna y/o propedéutico,7mo sem.,4,4,0,0,14.1140,1.0,4,No,Municipio Libertador Caracas,madrina,Apartamento en edifico,2500,6500,Madre,12000,10000.0,5
1,2015,80,08,10,1992,22,Soltero (a),1,Enfermería,2014,Prueba Interna y/o propedéutico,3er sem.,5,5,0,0,11.8330,1.0,5,No,Municipio Libertador Caracas,Ambos padres,Apartamento en edifico,2500,2550,Padre,12650,12600.0,5
2,2014,81,13,09,1991,23,Soltero (a),1,Bioanálisis,2010,Prueba Interna y/o propedéutico,7mo sem.,4,4,0,0,13.196,0.98250,6,No,Municipio Libertador Caracas,Ambos padres,Apartamento en edifico,4500,4500,Ambos padres,20000,19700.0,5
2,2014,82,13,08,1992,22,Soltero (a),1,Bioanálisis,2011,Prueba Interna y/o propedéutico,7mo sem.,4,4,0,0,14.59,1.0,5,No,Municipio Libertador Caracas,Madre y hermano,Apartamento en edifico,2500,2500,Madre,6050,6000.0,4
1,2015,83,24,01,1992,23,Soltero (a),1,Bioanálisis,2009,Prueba Interna y/o propedéutico,8vo sem.,5,3,0,0,12.0,0.79820,5,No,Altos Mirandinos,sola,Apartamento en edifico,6500,10100,Madre,18550,19600.0,5
2,2014,84,29,10,1993,21,Soltero (a),1,Bioanálisis,2011,Asignado OPSU,6to sem.,5,5,0,0,13.67,0.967,4,No,Municipio Libertador Caracas,Familiares maternos,Casa en barrio urbano,3500,3500,Padre,5000,5000.0,5
2,2014,85,21,06,1993,21,Soltero (a),0,Bioanálisis,2011,Asignado OPSU,7mo sem.,4,4,0,0,14.6760,1.0,4,No,,Mamá y Abuela,Quinta o casa quinta,3000,3000,Madre,5622,5622.0,4
2,2014,86,20,02,1992,23,Soltero (a),0,Bioanálisis,2011,Asignado OPSU,7mo sem.,4,4,0,0,15.877,1.0,6,No,Municipio Libertador Caracas,Ambos padres,Casa en barrio urbano,2300,2300,Madre,8000,8000.0,4
NaN,2015,87,07,06,1993,21,Soltero (a),1,Enfermería,2010,Prueba Interna y/o propedéutico,7mo sem.,2,2,0,0,12.9,0.9,2,No,Municipio Libertador Caracas,Madre,Apartamento en edifico,2500,2500,Madre,10600,10600.0,5
2,2014,88,03,04,1992,23,Soltero (a),1,Enfermería,2009,Prueba Interna y/o propedéutico,5to sem.,2,2,0,0,11.6040,0.76,2,No,Valles del Tuy,"madre,hermano e hijo",Casa en barrio urbano,2500,2500,Madre,6480,5600.0,5
2,2014,89,18,04,1993,22,Soltero (a),1,Bioanálisis,2012,Prueba Interna y/o propedéutico,5to sem.,4,4,0,0,17.22,1.0,7,No,Municipio Chacao,Madre,Casa en barrio urbano,1900,5200,Madre,7980,10700.0,5
1,2015,90,24,5,1991,23,Soltero (a),1,Bioanálisis,2010,Prueba Interna y/o propedéutico,7mo sem.,5,4,1,1,13.3360,0.93040,4,No,Municipio Libertador Caracas,Familiares paternos,Apartamento en edifico,2500,5600,Familiares,9100,6500.0,4
NaN,2015,91,21,11,1992,22,Soltero (a),1,Enfermería,2010,Prueba Interna y/o propedéutico,6to sem.,3,3,0,0,11.1580,0.69490,1,Si,,Madre,Apartamento en edifico,2500,2500,Madre,7000,5500.0,4
1,2015,92,22,05,1993,21,Soltero (a),1,Bioanálisis,2010,Prueba Interna y/o propedéutico,4to sem.,3,1,1,1,12.7000,0.72730,4,No,Guarenas - Guatire,Ambos padres,Apartamento en quinta - casa quinta o casa,3000,3000,Madre,18310,18300.0,5
2,2014,93,27,08,1993,21,Soltero (a),1,Enfermería,2011,Asignado OPSU,7mo sem.,2,2,0,0,13.0780,0.98290,2,Si,Guarenas - Guatire,Ambos padres,Casa en barrio urbano,2400,2400,Padre,8000,7900.0,4
2,2014,94,17,08,1993,21,Soltero (a),1,Bioanálisis,2011,Asignado OPSU,6to sem.,6,5,1,1,13.227,0.8587,3,No,Municipio Baruta,Familiares maternos,Apartamento en edifico,3000,3000,Padre,6700,11200.0,3
2,2014,95,09,11,1992,22,Soltero (a),1,Bioanálisis,2009,Prueba Interna y/o propedéutico,8vo sem.,4,4,0,0,13.2220,0.95120,3,No,Municipio Sucre,Madre,Apartamento en edifico,5500,11855,Padre,18000,28100.0,5
1,2015,96,22,02,1991,24,Soltero (a),1,Bioanálisis,2008,"Convenios Internos (Deportistas, artistas, hijos empleados docente y obreros, Samuel Robinson)",10mo sem.,0,0,0,0,12.9470,0.92670,1,Si,Municipio Libertador Caracas,Madre,Casa en barrio rural,2700,7500,Madre,8622,8000.0,4
2,2014,97,19,02,1994,21,Soltero (a),1,Bioanálisis,2011,Asignado OPSU,6to sem.,5,5,0,0,13.8240,0.96810,4,No,Valles del Tuy,Madre,Casa en barrio urbano,3000,3000,hermana,6750,6750.0,5
NaN,NaN,98,09,11,1993,21,Soltero (a),1,Enfermería,2011,Prueba Interna y/o propedéutico,6to sem.,3,3,0,0,12.1710,0.98130,1,No,Municipio Libertador Caracas,Ambos padres,Casa en barrio urbano,3000,3300,Padre,12500,12500.0,5
2,2014,99,01,11,1990,24,Soltero (a),1,Bioanálisis,2008,Asignado OPSU,8vo sem.,4,2,1,1,12.0240,0.83780,4,No,Municipio Sucre,recidencia,Habitación alquilada,6000,6000,Madre,15000,17500.0,5
NaN,2014,100,27,02,1992,23,Soltero (a),1,Enfermería,2010,Prueba Interna y/o propedéutico,7mo sem.,2,2,0,0,13.7820,0.98290,2,No,Municipio Baruta,"Madre, Hermano y Sobrina",Apartamento en edifico,2500,2500,Madre,6560,6560.0,5
2,2014,101,21,11,1991,23,Soltero (a),1,Bioanálisis,2008,Asignado OPSU,6to sem.,6,5,1,1,12.7060,0.78990,4,No,,Madre,Casa en barrio rural,4200,5000,Madre,15749,15749.0,4
2,2014,102,22,11,1993,21,Soltero (a),1,Bioanálisis,2011,"Convenios Internos (Deportistas, artistas, hijos empleados docente y obreros, Samuel Robinson)",7mo sem.,4,4,0,0,13.8060,0.96230,5,No,Municipio Sucre,Ambos padres,Quinta o casa quinta,3050,5900,Padre,180000,19950.0,5
NaN,NaN,103,10,04,1993,21,Soltero (a),1,Enfermería,2011,Prueba Interna y/o propedéutico,7mo sem.,2,2,0,0,13.3390,0.131250,2,No,Municipio Libertador Caracas,Madre,Casa en barrio urbano,3000,3000,Madre,5000,5000.0,5
NaN,NaN,104,10,04,1993,21,Soltero (a),1,Enfermería,2011,Prueba Interna y/o propedéutico,7mo sem.,2,2,0,0,13.3390,0.133390,2,No,Municipio Libertador Caracas,Madre,Casa en barrio urbano,3000,3000,Madre,5000,5000.0,5
2,2014,105,27,03,1992,23,Soltero (a),1,Bioanálisis,2009,Prueba Interna y/o propedéutico,9no sem.,4,4,0,0,14.1570,0.97220,2,Si,Municipio Libertador Caracas,Ambos padres,Apartamento en edifico,6000,6600,Padre,16500,15800.0,5
1,2015,106,06,04,1992,23,Soltero (a),1,Bioanálisis,2010,Asignado OPSU,7mo sem.,5,4,0,0,13.9690,0.92450,4,No,Guarenas - Guatire,Familiares paternos,Casa en barrio urbano,4500,4500,Madre,20000,20000.0,5
1,2015,107,31,05,1994,20,Soltero (a),1,Bioanálisis,2012,Prueba Interna y/o propedéutico,2do sem.,4,1,1,1,12.1280,0.66100,3,No,Municipio Libertador Caracas,Madre,Apartamento en edifico,1500,1500,Madre,10630,10400.0,5
1,2015,108,26,03,1994,21,Soltero (a),1,Enfermería,2012,Prueba Interna y/o propedéutico,6to sem.,3,3,0,0,12.3810,1.0,2,Si,Municipio Libertador Caracas,Familiares maternos,Casa en barrio urbano,2800,1300,Padre,10500,10500.0,5
1,2015,109,13,11,1991,23,Soltero (a),0,Bioanálisis,2010,Prueba Interna y/o propedéutico,7mo sem.,4,4,0,0,13.9810,0.96400,4,No,,Madre,Apartamento en edifico,3500,3620,Madre,9668,6700.0,5
1,2015,110,09,07,1993,21,Soltero (a),0,Bioanálisis,2011,Prueba Interna y/o propedéutico,7mo sem.,5,5,0,0,15.6880,0.10000,4,No,Guarenas - Guatire,Madre,Apartamento en quinta - casa quinta o casa,6500,6500,Madre,22000,22000.0,5
1,2015,111,01,01,1994,21,Soltero (a),1,Bioanálisis,2011,Prueba Interna y/o propedéutico,6to sem.,4,4,0,0,16.9080,1.0,5,No,Municipio Libertador Caracas,Familiares maternos,Apartamento en edifico,5000,5000,Madre,12000,12000.0,5
1,2014,112,01,02,1993,22,Soltero (a),1,Bioanálisis,2010,Asignado OPSU,7mo sem.,4,4,0,0,13.6,1.0,4,No,Guarenas - Guatire,Madre,Casa en barrio urbano,7000,7000,Padre,17000,10400.0,5
2,2014,113,05,12,1992,22,Soltero (a),0,Bioanálisis,2012,Prueba Interna y/o propedéutico,5to sem.,4,4,0,0,13.5210,0.94520,7,No,Altos Mirandinos,Madre,Quinta o casa quinta,5300,5050,Madre,9000,8100.0,5
NaN,NaN,114,27,12,1990,24,Soltero (a),0,Bioanálisis,2008,Asignado OPSU,10mo sem.,2,2,0,0,14.385,1.0,2,Si,Altos Mirandinos,Familiares maternos,Apartamento en edifico,2500,2500,Madre,7209,7209.52,4
NaN,2015,115,17,06,1993,21,Soltero (a),1,Bioanálisis,2010,Asignado OPSU,5to sem.,4,4,0,0,15.6660,1.0,7,No,Municipio Libertador Caracas,Madre,Apartamento en edifico,2500,2500,Familiares,7622,7600.0,4
2,2014,116,13,12,2015,24,Soltero (a),1,Bioanálisis,2008,Asignado OPSU,10mo sem.,2,2,0,0,13.9200,0.10000,2,Si,Municipio Libertador Caracas,Amigos,Residencia estudiantil,2500,1850,Padre,10000,10700.0,3
1,2015,117,30,06,1993,21,Soltero (a),1,Bioanálisis,2009,Asignado OPSU,5to sem.,4,4,0,0,13.5,1.0,5,No,Municipio Libertador Caracas,sola,Residencia estudiantil,3000,3000,Padre,5660,5660.0,4
2,2014,118,24,06,1991,23,Soltero (a),1,Bioanálisis,2010,Asignado OPSU,8vo sem.,5,5,0,0,13.6210,1.0,4,No,Municipio El Hatillo,Familiares paternos,Apartamento en edifico,2500,7600,abuela,5000,11000.0,4
NaN,2015,119,12,07,1994,20,Soltero (a),1,Enfermería,2012,Prueba Interna y/o propedéutico,2do sem.,2,2,0,0,10.3330,0.53330,4,No,Municipio Libertador Caracas,Madre,Apartamento en edifico,4500,10430,Madre,8000,17180.0,5
2,2014,120,18,08,1994,20,Soltero (a),1,Bioanálisis,2011,Prueba Interna y/o propedéutico,5to sem.,3,3,0,0,14.4230,1.0,6,No,,Madre,Habitación alquilada,3000,6480,Padre,12265,10800.0,5
2,2014,121,26,06,1994,20,Soltero (a),1,Enfermería,2011,Prueba Interna y/o propedéutico,6to sem.,3,3,0,0,11.8000,0.97220,2,Si,Municipio Libertador Caracas,Familiares maternos,Apartamento en edifico,5500,13000,Padre,12156,11750.0,3
NaN,2015,122,23,07,1993,21,Soltero (a),1,Enfermería,2010,Prueba Interna y/o propedéutico,7mo sem.,2,2,0,0,13.5650,0.98290,2,No,Municipio Libertador Caracas,Madre,Apartamento en edifico,2500,2300,Madre,8500,7100.0,5
2,2014,123,31,05,1993,21,Soltero (a),1,Bioanálisis,2010,Asignado OPSU,6to sem.,5,5,0,0,15.7,1.0,4,No,Guarenas - Guatire,Ambos padres,Casa en barrio urbano,2500,12300,Madre,13570,15600.0,4
2,2014,124,14,12,1992,22,Soltero (a),1,Bioanálisis,2013,Prueba Interna y/o propedéutico,4to sem.,5,2,1,1,11.7000,0.51280,5,No,Municipio Libertador Caracas,residencia,Habitación alquilada,5500,5500,Padre,8747,6900.0,5
NaN,2014,125,15,08,1994,20,Soltero (a),1,Bioanálisis,2011,Asignado OPSU,6to sem.,6,6,0,0,16.337,1.0,4,No,,Madre,Apartamento en edifico,3000,3000,Madre,6137,6100.0,5
2,2014,126,27,08,1992,22,Soltero (a),1,Bioanálisis,2012,Asignado OPSU,5to sem.,5,5,0,0,15.42,0.9452,7,No,Altos Mirandinos,"hermano, hermana y mi hijo",Apartamento en edifico,1800,1800,Madre,5418,5150.0,4
1,2015,127,15,02,1993,22,Soltero (a),1,Bioanálisis,2011,Prueba Interna y/o propedéutico,6to sem.,5,5,0,0,13.6930,0.89800,4,No,Altos Mirandinos,Madre,Apartamento en edifico,3000,2600,Madre,10000,7000.0,3
1,2015,128,30,10,1993,21,Soltero (a),1,Bioanálisis,2011,Asignado OPSU,2do sem.,5,3,2,2,13.5,0.81820,5,No,Municipio Libertador Caracas,Madre,Apartamento en edifico,3500,4200,Madre,8000,8500.0,4
2,2014,129,08,04,1994,21,Soltero (a),1,Bioanálisis,2011,Asignado OPSU,7mo sem.,4,4,0,0,14.4240,1.0,6,No,Municipio Sucre,Ambos padres,Casa en barrio urbano,1900,1550,Madre,13200,11800.0,5
2,2014,130,23,03,1993,22,Soltero (a),1,Bioanálisis,2011,Prueba Interna y/o propedéutico,5to sem.,5,5,5,5,13.0650,1.0,5,No,Guarenas - Guatire,Madre,Apartamento en edifico,2500,2500,Madre,11000,11000.0,4
2,2014,131,26,05,1993,21,Soltero (a),1,Enfermería,2010,Prueba Interna y/o propedéutico,6to sem.,3,3,0,0,12.2380,0.84000,2,Si,Municipio Libertador Caracas,Madre y Hermanos,Casa en barrio urbano,12000,3150,Madre,9000,7000.0,5
1,2014,132,22,01,1994,21,Soltero (a),1,Enfermería,2012,Prueba Interna y/o propedéutico,5to sem.,4,4,0,0,12.0,0.95350,3,No,Municipio Libertador Caracas,Padre,Apartamento en quinta - casa quinta o casa,1800,4400,Padre,2457,6300.0,5
NaN,2015,133,12,09,1994,20,Soltero (a),1,Bioanálisis,2012,Prueba Interna y/o propedéutico,4to sem.,5,5,0,0,15.69,1.0,5,No,,Madre,Casa en barrio rural,2200,3500,Madre,6000,7400.0,5
2,2014,134,06,12,1994,20,Soltero (a),1,Bioanálisis,2012,Asignado OPSU,5to sem.,5,4,0,0,12.5000,0.86960,6,No,,Ambos padres,Casa en barrio rural,2900,2900,Padre,16043,16043.76,4
1,2015,135,18,02,1993,22,Soltero (a),1,Bioanálisis,2011,"Convenios Internos (Deportistas, artistas, hijos empleados docente y obreros, Samuel Robinson)",5to sem.,5,4,0,0,13.1570,0.8000,5,No,Valles del Tuy,Familiares maternos,Apartamento en edifico,3000,2900,Usted mismo,3000,2600.0,5
2,2014,136,01,12,1993,21,Soltero (a),1,Bioanálisis,2012,Asignado OPSU,5to sem.,5,5,0,0,14.3200,0.91760,6,No,Municipio Libertador Caracas,compañeros de habitacion alquilada,Habitación alquilada,7000,7000,Padre,9500,5950.0,4
NaN,2015,137,12,06,1991,23,Soltero (a),1,Enfermería,2013,Prueba Interna y/o propedéutico,4to sem.,4,5,0,0,14.0,0.100000,4,No,Municipio Chacao,Ambos padres,Apartamento en quinta - casa quinta o casa,2100,2100,Madre,6000,5600.0,4
1,2015,138,01,03,1993,22,Soltero (a),1,Bioanálisis,2009,Asignado OPSU,6to sem.,5,4,0,0,11.6860,0.71550,5,No,Municipio Chacao,Ambos padres,Apartamento en edifico,9900,9720,Madre,16747,16700.0,4
2,2014,139,11,04,1994,21,Soltero (a),1,Bioanálisis,2012,Asignado OPSU,5to sem.,4,4,1,1,11.8570,0.78870,6,No,Guarenas - Guatire,Ambos padres,Casa en barrio urbano,2100,2200,Madre,6852,7050.0,4
NaN,NaN,140,07,09,1993,21,Soltero (a),1,Enfermería,2010,Asignado OPSU,6to sem.,3,3,0,0,14.3710,1.0,1,Si,Valles del Tuy,Ambos padres,casa,2500,2650,Madre,7500,7500.0,5
1,2014,141,04,02,1995,20,Soltero (a),1,Enfermería,2012,Asignado OPSU,4to sem.,5,5,0,0,14.08620,1.0,4,No,Municipio Libertador Caracas,Madre,Casa en barrio urbano,17000,3900,Madre,10721,10000.0,4
2,2014,142,28,02,1992,23,Soltero (a),1,Bioanálisis,2010,Prueba Interna y/o propedéutico,4to sem.,5,3,1,1,12.78,0.48420,3,No,Altos Mirandinos,Madre,Casa en barrio urbano,3500,3500,Madre,7000,7000.0,5
NaN,NaN,143,18,02,1993,22,Soltero (a),0,Enfermería,2010,Asignado OPSU,7mo sem.,2,2,0,0,14.5390,0.96640,2,No,Altos Mirandinos,"Padres, hermana y abuelos maternos",Casa en barrio urbano,8400,8300,Padre,57635,54455.43,5
NaN,NaN,144,25,05,1995,19,Soltero (a),1,Enfermería,2014,Prueba Interna y/o propedéutico,3er sem.,5,5,0,0,14.9090,1.0,5,No,Altos Mirandinos,Ambos padres,Casa en barrio rural,2500,2500,Padre,33000,24000.0,4
2,2014,145,17,06,1993,21,Soltero (a),1,Enfermería,2011,Asignado OPSU,6to sem.,3,3,0,0,14.8410,1.0,2,No,,Madre,Casa en barrio rural,2500,2500,Madre,425140,4250.0,5
NaN,2015,146,12,04,1993,22,Soltero (a),1,Bioanálisis,2011,Prueba Interna y/o propedéutico,6to sem.,5,5,0,0,15.49,1.0,4,No,Municipio Libertador Caracas,Ambos padres,Apartamento en edifico,5700,6100,Ambos padres,10773759,10500.0,5
2,2014,147,29,10,1992,22,Soltero (a),1,Enfermería,2010,Asignado OPSU,7mo sem.,2,2,0,0,12.63,0.92,2,No,Municipio Libertador Caracas,Familiares maternos,Casa en barrio rural,3500,4500,MI HERMANA,9680,12500.0,5
2,2014,148,19,07,1993,21,Soltero (a),1,Bioanálisis,2011,Prueba Interna y/o propedéutico,7mo sem.,4,4,0,0,14.8,1.0,4,No,Valles del Tuy,Madre,Casa en barrio rural,3500,3500,Madre,15060,14300.0,4
NaN,2015,149,04,09,1992,23,Soltero (a),1,Enfermería,2010,Prueba Interna y/o propedéutico,7mo sem.,2,2,0,0,12.1300,0.81560,2,No,Municipio Sucre,Madre,Casa en barrio urbano,2500,5760,Madre,7700,39300.0,5
2,NaN,150,21,03,1993,22,Soltero (a),1,Enfermería,2014,Asignado OPSU,3er sem.,5,5,0,0,15.5550,1.0,5,No,Municipio Sucre,Madre,Casa en barrio urbano,2500,2500,Madre,8000,8000.0,5
2,2014,151,07,12,1993,21,Soltero (a),0,Bioanálisis,2011,Asignado OPSU,5to sem.,4,4,0,0,15.18,1.0,7,No,Municipio Libertador Caracas,Amigos,Apartamento en edifico,5000,5000,Madre,15000,15000.0,4
2,2014,152,21,04,19,21,Soltero (a),1,Enfermería,2011,Prueba Interna y/o propedéutico,7mo sem.,1,1,0,0,15.6170,1.0,2,No,,Madre,Casa en barrio urbano,2000,2000,Madre,9600,9600.0,1
2,2014,153,04,02,1994,21,Soltero (a),1,Bioanálisis,2011,Asignado OPSU,7mo sem.,5,5,0,0,16.461,1.0,5,No,Municipio Libertador Caracas,Familiares paternos,Apartamento en edifico,4000,3800,Padre,12500,10700.0,5
1,2015,154,20,02,1994,21,Soltero (a),0,Bioanálisis,2011,Prueba Interna y/o propedéutico,5to sem.,4,4,0,0,15.1010,1.0,7,No,Guarenas - Guatire,"Madre, Hermana, Abuela",Quinta o casa quinta,2800,2800,Madre,22600,16728.0,4
1,2015,155,23,06,1994,20,Soltero (a),1,Enfermería,2012,Prueba Interna y/o propedéutico,5to sem.,4,4,0,0,15.4630,1.0,3,No,,Madre,Apartamento en edifico,2000,2000,Madre,19400,19400.0,5
NaN,2015,156,07,04,1994,21,Soltero (a),1,Enfermería,2012,Asignado OPSU,5to sem.,4,4,0,0,14.6340,1.0,3,No,Municipio Libertador Caracas,Madre,Casa en barrio urbano,2500,10864,Madre,10869,10869.0,5
NaN,2015,157,09,05,1993,21,Soltero (a),1,Enfermería,2010,Prueba Interna y/o propedéutico,7mo sem.,2,2,0,0,12.0,0.98,2,No,Municipio Sucre,Familiares paternos,Apartamento en edifico,2500,2500,Familiares,5300,5300.0,4
2,2014,158,14,12,1993,21,Soltero (a),1,Bioanálisis,2012,Asignado OPSU,6to sem.,5,5,0,0,16.5820,1.0,4,No,Altos Mirandinos,Madre,Apartamento en edifico,2300,2300,Madre,9000,8000.0,5
NaN,2015,159,17,11,1993,21,Soltero (a),1,Enfermería,2012,Prueba Interna y/o propedéutico,5to sem.,4,4,0,0,15.73,1.0,3,No,Municipio Libertador Caracas,Ambos padres,Casa en barrio urbano,2700,2700,Madre,9175,7900.0,4
1,2015,160,24,05,1994,20,Soltero (a),1,Bioanálisis,2011,Asignado OPSU,5to sem.,5,5,0,0,16.533,1.0,6,No,Guarenas - Guatire,Familiares maternos,Apartamento en edifico,3500,3500,Madre,10000,10000.0,5
NaN,2014,161,18,09,1995,19,Soltero (a),1,Bioanálisis,2013,Asignado OPSU,4to sem.,5,5,0,0,15.6730,1.0,5,No,Municipio Sucre,abuela,Apartamento en edifico,3500,3100,Madre,13843,10600.0,4
2,2014,162,08,11,1995,19,Soltero (a),1,Enfermería,2012,Asignado OPSU,5to sem.,4,4,0,0,14.3750,1.0,3,No,Municipio Libertador Caracas,Ambos padres,Apartamento en edifico,1900,1800,Padre,13143,13143.0,4
1,2015,163,09,02,1994,21,Soltero (a),1,Bioanálisis,2011,Asignado OPSU,6to sem.,5,4,0,0,13.0820,0.8760,5,No,Municipio Sucre,Familiares paternos,Apartamento en edifico,3900,3572,Familiares,7622,8068.0,5
1,2015,164,01,11,1995,19,Soltero (a),1,Bioanálisis,2013,Asignado OPSU,4to sem.,5,5,0,0,13.2110,1.0,6,No,Municipio Sucre,Dueños del apartamento donde alquilo la habitacion,Habitación alquilada,8500,7000,Madre,7381,7000.0,5
NaN,2015,165,27,10,1995,19,Soltero (a),1,Enfermería,2014,Asignado OPSU,3er sem.,5,5,0,0,13.8050,1.0,5,Si,Municipio Libertador Caracas,Ambos padres,Apartamento en edifico,3000,3000,Ambos padres,13400,13800.0,5
1,2014,166,25,09,1994,20,Soltero (a),1,Bioanálisis,2012,Prueba Interna y/o propedéutico,4to sem.,6,6,0,0,15.2720,1.0,6,No,Municipio Baruta,Madre,Quinta o casa quinta,2500,3000,Madre,9828,10100.0,5
NaN,NaN,167,01,06,1994,20,Soltero (a),1,Enfermería,2011,Prueba Interna y/o propedéutico,7mo sem.,2,2,0,0,12.8080,1.0,2,No,Municipio Libertador Caracas,Ambos padres,Apartamento en edifico,1500,2850,Ambos padres,11200,14200.0,5
1,2015,168,20,05,1994,20,Soltero (a),1,Bioanálisis,2012,Asignado OPSU,4to sem.,5,5,0,0,15.9230,1.0,5,No,Guarenas - Guatire,Ambos padres,Apartamento en edifico,5500,5500,Padre,10722,10722.0,5
2,NaN,169,14,12,1994,20,Soltero (a),1,Enfermería,2013,Prueba Interna y/o propedéutico,2do sem.,3,1,1,1,10.9040,0.80770,3,Si,Municipio Libertador Caracas,Madre,Casa en barrio urbano,3000,2770,Madre,13700,12700.0,5
NaN,NaN,170,09,01,1994,21,Soltero (a),1,Enfermería,2011,Prueba Interna y/o propedéutico,5to sem.,3,2,0,0,13.4890,0.91430,1,No,Municipio Libertador Caracas,Ambos padres,Apartamento en edifico,3500,3500,Madre,14000,14000.0,4
NaN,NaN,171,03,08,1994,20,Soltero (a),1,Enfermería,2011,Prueba Interna y/o propedéutico,7mo sem.,2,2,0,0,13.46,1.0,2,No,Municipio Libertador Caracas,ambos padres y dos hermanis,Apartamento en edifico,2500,2800,Madre,13312,14700.0,5
NaN,2015,172,21,09,1994,20,Soltero (a),1,Enfermería,2011,Prueba Interna y/o propedéutico,3er sem.,3,3,0,0,11.7630,0.82610,5,Si,Municipio Libertador Caracas,Familiares paternos,Casa en barrio urbano,3300,8004,Familiares,23810,21745.0,5
1,2015,173,15,08,1996,18,Soltero (a),1,Bioanálisis,2013,Prueba Interna y/o propedéutico,3er sem.,5,1,0,0,12.7000,0.55560,4,No,Municipio Libertador Caracas,Ambos padres,Apartamento en edifico,1900,1800,Madre,8866,8770.0,3
1,2015,174,21,10,1995,19,Soltero (a),1,Bioanálisis,2014,Prueba Interna y/o propedéutico,2do sem.,4,4,0,0,13.458,0.889,6,No,Municipio Libertador Caracas,Ambos padres,Casa en barrio urbano,4000,5500,Madre,19414,20500.0,4
NaN,2015,175,14,09,1995,19,Soltero (a),1,Enfermería,2013,Prueba Interna y/o propedéutico,3er sem.,5,5,0,0,13.3330,1.0,4,Si,Municipio Sucre,Madre,Casa en barrio urbano,3500,2800,Madre,10800,7300.0,5
1,2015,176,16,09,1996,18,Soltero (a),1,Bioanálisis,2013,Prueba Interna y/o propedéutico,1er sem.,5,2,0,0,12.7,0.35710,3,No,,Ambos padres,Casa en barrio urbano,2500,4000,Padre,7909,8000.0,4
NaN,2014,177,11,10,1996,18,Soltero (a),0,Bioanálisis,2014,Asignado OPSU,2do sem.,5,5,0,0,16.6000,1.0,5,No,Municipio Sucre,Solo,Habitación alquilada,9500,17630,Padre,22054,11250.0,5
2,2014,178,17,06,1996,18,Soltero (a),1,Enfermería,2014,"Convenios Internos (Deportistas, artistas, hijos empleados docente y obreros, Samuel Robinson)",2do sem.,5,2,0,0,12.3520,0.5313,5,No,Municipio Baruta,Ambos padres,Apartamento en edifico,2500,2500,Ambos padres,31379,28512.0,3
1,2015,179,24,10,1996,18,Soltero (a),0,Bioanálisis,2014,"Convenios Internos (Deportistas, artistas, hijos empleados docente y obreros, Samuel Robinson)",3er sem.,4,4,0,0,13.936,0.10000,4,No,Municipio Libertador Caracas,Madre,Apartamento en edifico,3200,6100,Madre,8138,16390.0,5
2,NaN,180,03,03,1996,19,Soltero (a),1,Enfermería,2014,Prueba Interna y/o propedéutico,3er sem.,5,5,0,0,15.0270,0.150270,5,Si,Guarenas - Guatire,hermano,Casa de vecindad,2300,11000,Madre,7600,18000.0,5
NaN,2014,181,03,03,1995,20,Soltero (a),1,Bioanálisis,2012,Asignado OPSU,4to sem.,5,5,1,1,15.0000,1.0,5,No,Municipio Libertador Caracas,Residencia,Residencia estudiantil,8500,8500,Padre,19266,12400.0,4
NaN,2015,182,20,03,1996,19,Soltero (a),1,Bioanálisis,2014,Asignado OPSU,3er sem.,4,4,0,0,14.7500,1.0,5,No,Municipio Libertador Caracas,Ambos padres,Quinta o casa quinta,3500,2650,Padre,19493,24000.0,5
2,2014,183,03,07,1995,19,Soltero (a),1,Bioanálisis,2012,Prueba Interna y/o propedéutico,4to sem.,6,6,0,0,14.5810,0.10000,6,No,Municipio Libertador Caracas,Madre,Apartamento en edifico,2100,2800,Padre,8100,15850.0,5
NaN,2015,184,12,05,1995,19,Soltero (a),1,Enfermería,2013,Asignado OPSU,4to sem.,5,5,0,0,13.413,1.0,4,No,Municipio Sucre,dueña del apartamento,Apartamento en edifico,3000,6280,Madre,5650,3800.0,4
2,NaN,185,19,11,1996,18,Soltero (a),1,Enfermería,2014,Prueba Interna y/o propedéutico,2do sem.,5,5,0,0,14.117,1.0,5,No,Municipio Libertador Caracas,Familiares maternos,Apartamento en edifico,2500,6700,abuela,17200,24600.0,3
NaN,2015,186,30,03,1995,20,Soltero (a),1,Enfermería,2012,Asignado OPSU,5to sem.,4,4,0,0,14.5970,1.0,3,No,Municipio Libertador Caracas,Ambos padres,Casa en barrio urbano,2800,2800,Madre,9937,8637.0,4
2,2014,187,29,08,1996,18,Soltero (a),1,Enfermería,2014,Asignado OPSU,3er sem.,5,5,0,0,15.0,1.0,5,No,Valles del Tuy,Madre,Casa en barrio urbano,3500,2170,Madre,3000,3000.0,5
2,2015,188,02,08,1996,18,Soltero (a),1,Bioanálisis,2014,Asignado OPSU,2do sem.,5,3,0,0,11.4,0.3845,4,No,Municipio Baruta,sola,Habitación alquilada,9500,9500,Madre,7,7750.0,3
2,2014,189,19,10,1994,20,Soltero (a),1,Bioanálisis,2012,Asignado OPSU,6to sem.,7,7,0,0,14.3140,0.96740,4,No,Municipio Libertador Caracas,Madre,Casa en barrio urbano,2500,2500,Madre,6126,6100.0,5
2,2014,190,07,01,1991,24,Soltero (a),0,Bioanálisis,2012,Prueba Interna y/o propedéutico,5to sem.,4,4,0,0,16.4490,1.0,7,No,Altos Mirandinos,Ambos padres,Quinta o casa quinta,3700,4810,Madre,20000,19600.0,5
